processors,t1,t2,t3,t4,t5,t6,t7,t8,t9,t10
2, 0.0705552, 0.0744862, 0.071682, 0.074842, 0.0684742, 0.0811162, 0.0943392, 0.0684942, 0.177932, 0.1745452
3, 0.4004143, 0.2048853, 0.1235753, 0.0812883, 0.1160263, 0.2053293, 0.120273, 0.1435513, 0.1444013, 0.2077113
4, 0.1160294, 0.1488514, 0.2328234, 0.0782254, 0.2288754, 0.2223854, 0.2937844, 0.2383664, 0.1127514, 0.1472674