processors,t1,t2,t3,t4,t5,t6,t7,t8,t9,t10
2
4
6
8
10
12, 0.0488758, 0.04339222